symbol,username,user_followers,text,timestamp,sentiment,reshared_count,link,message_id,scraped_at
TSEM,MarketVisionn1,3,"$TSEM highlights the growing gap between fundamentals and index-driven price action. The reported shipment of ~5M photonic ICs with $MRVL points to real AI infrastructure demand, while the sharp selloff tied to Russell 3000E Growth removal reflects mechanical flows rather than business deterioration. In these setups, fundamentals and technical index rules can diverge sharply in the short term, even if the long-term signal remains intact.",2026-07-05T17:26:01Z,Neutral,0,https://stocktwits.com/message/658292846,658292846,2026-07-06T09:56:58.204994
TSEM,hedgefundoptionsmaster,41,"$TSEM 102
Price to earnings. Should b 20. Puts this pos at $40.",2026-07-04T16:39:54Z,Neutral,0,https://stocktwits.com/message/658273727,658273727,2026-07-05T08:44:09.533570
TSEM,hedgefundoptionsmaster,41,$TSEM cash burn rate they only have operational funds for 45 days.  Huge secondary and dilution coming this week most likely. Have to discount the shares so $150 a given this week prolly overshoot to $120,2026-07-04T16:38:35Z,Neutral,0,https://stocktwits.com/message/658273698,658273698,2026-07-05T08:44:09.533593
TSEM,hedgefundoptionsmaster,41,$TSEM,2026-07-04T16:37:11Z,Neutral,0,https://stocktwits.com/message/658273665,658273665,2026-07-05T08:44:09.533598
TSEM,hedgefundoptionsmaster,41,$TSEM another Wu Han Chinese scam exposed Insiders open $175 close $110 where support is by Wednesday.,2026-07-04T16:36:56Z,Neutral,0,https://stocktwits.com/message/658273657,658273657,2026-07-05T08:44:09.533602
TSEM,Hedgeblack,5,$TSEM I got too many semiconductor stocks lost $500 in two days.Still learning I going to unload a few when they go up next and diversity from the different industries.That hoe sucked me dry ...,2026-07-02T20:10:50Z,Neutral,0,https://stocktwits.com/message/658216912,658216912,2026-07-03T08:54:08.977765
TSEM,WallStreetBulll,1,"$TSEM looks like the next photonics name to get hit. 
 
$200 is the first real line in the sand. Lose that, and the chart has room to slide fast into the $140-$150 area.",2026-07-02T17:45:47Z,Neutral,0,https://stocktwits.com/message/658195053,658195053,2026-07-03T08:54:08.977779
TSEM,Tradr_ETFs,73,"$TSEM 🚨New ticker: $TSEU. The Tradr 2X Long TSEM Daily ETF is built for traders looking to express a bullish view on Tower Semiconductor with 2X daily exposure to TSEM. One ETF, no margin or options required. Investing in leveraged ETFs involves significant risk. 
https://www.tradretfs.com/tseu?utm_source=Stocktwits",2026-07-02T14:13:55Z,Neutral,0,https://stocktwits.com/message/658153283,658153283,2026-07-03T08:54:08.977784
TSEM,Tradr_ETFs,73,"$TSEM  🚨 Attention, Traders! Tradr just introduced 5 new 2X long leveraged ETFs. 
 
CIEX for Ciena (CIEN) 
QNTU for Quantinuum (QNT) 
RMBX for Rambus (RMBS) 
$TSEU  for Tower Semiconductor (TSEM) 
TTMX for TTM Technologies (TTMI) 
 
Read launch presser 👉🏻  https://www.prnewswire.com/news-releases/tradr-introduces-leveraged-etfs-on-ciena-quantinuum-rambus-tower-semiconductor-and-ttm-technologies-302815257.html 
 
Investing in leveraged ETFs involves significant risk.",2026-07-01T12:13:57Z,Neutral,0,https://stocktwits.com/message/658007351,658007351,2026-07-02T08:43:24.502480
TSEM,Estimize,102675,"Wall St is expecting 0.76 EPS for $TSEM Q2 [Reporting 08/04 BMO]
http://www.estimize.com/intro/tsem?chart=historical&amp;metric_name=eps&amp;utm_co",2026-07-01T12:12:15Z,Neutral,0,https://stocktwits.com/message/658007211,658007211,2026-07-02T08:43:24.502503
TSEM,WAJeff,783,$TSEM 6/26 251.28s sold 259.98,2026-06-30T18:28:45Z,Neutral,0,https://stocktwits.com/message/657944017,657944017,2026-07-01T09:30:48.359988
TSEM,2moontrader,60,"$GFS with the purchase of AMF in Singapore, Global Foundries will be the photonics fab moat, especially if it wins a lawsuit against $TSEM. If that happens Global Foundries is easily the next trillion dollar foundry. 

https://gf.com/news-and-events/news/globalfoundries-files-patent-infringement-lawsuits-against-tower-semiconductor-to-protect-high-performance-american-chip-innovation/",2026-06-29T17:29:20Z,Bullish,0,https://stocktwits.com/message/657811997,657811997,2026-06-30T08:59:02.824923
TSEM,Maximusprime69,14,"@urgetosurge I fr do not know what ur referring to, nanos have movement like this it’s not crazy it sucks but not anything worth saying Israeli bs on. I do know China stocks do what u seem to be referring to. Also I have had a great experience with Israel stocks like actual Israeli companies. For example I loaded up big time on $GILT  in 2024 when it was in the mid 7s sold half of my holding including options at 15 and sold a bit more near 20 and am holding the rest. That was my best investment I think ever I made so much thank god. I also have been in Elbit for a couple years and entered $NVMI and $TSEM around a year ago those are up big! I’ve also dabbled in smaller caps some winners some losers can’t list some if you want. And then there is DFNS that’s is a whole story on how and why I’m so exposed there, again will explain if you care to hear.

Again my experience over the past couple of year in Israel stocks or Israel centric stocks has been way more good than bad.",2026-06-29T14:53:16Z,Neutral,0,https://stocktwits.com/message/657787361,657787361,2026-06-30T08:59:02.824941
TSEM,SwingTraderPro1,480,"Opportunities coming to buy great names at great prices. 
 
Do not rush into buying anything yet but here’s a list of names I like: 
 
$MRVL - AI networking + custom silicon exposure tied to hyperscaler demand 
$ACMR - semiconductor equipment / advanced packaging cycle leverage 
$FLNC -energy storage + grid buildout benefiting from AI power demand 
$TSEM - foundry / specialty semiconductor manufacturing exposure 
 
Not fully positioned across the board - still watching for better entries to develop. 
 
Longer-term horizon (1–2 years): these are cyclical names where positioning into weakness often matters more than chasing strength. 
 
Key idea: patience + cycle timing &gt; urgency in entry.",2026-06-26T15:20:20Z,Neutral,0,https://stocktwits.com/message/657609762,657609762,2026-06-27T08:34:37.914425
TSEM,BDipNRip,13,$TSEM cmon wtf bro BOUNCE!,2026-06-26T14:23:08Z,Bullish,0,https://stocktwits.com/message/657598119,657598119,2026-06-27T08:34:37.914446
TSEM,hedgefundoptionsmaster,32,$TSEM,2026-06-24T01:40:15Z,Neutral,0,https://stocktwits.com/message/657258674,657258674,2026-06-24T08:57:22.006660
TSEM,Buffetty,225,"$TSEM took profits, stop triggered 💰",2026-06-23T18:17:02Z,Neutral,2,https://stocktwits.com/message/657215686,657215686,2026-06-24T08:57:22.006684
TSEM,MorganHoratio,1524,"Curious if anyone&#39;s portfolio is green after today&#39;s fun day. 
 
$FLNC: -12.5% 
 
$AAOI: -11.2% 
 
$SIVE: -11.7% 
 
$TSEM: -10.24% 
 
$SNDK: -12.5% 
 
Feels like anything high-beta or semis had a steep drop. 
 
Today&#39;s macro liquidation triggered an absolute bloodbath across high-beta growth assets and the broader semiconductor hardware supply chain! With energy storage vanguard $FLNC tumbling 12.5% and optical networking leader $AAOI erasing 11.2%, short-term liquidity is being brutally eviscerated. 
 
Silicon photonics play $SIVE plunged 11.7%, while specialty foundry leader $TSEM (Tower Semiconductor) shed over 10% despite its massive AI data center pipeline. This looks like a textbook mechanical stop-hunt after crucial Fibonacci support clusters were breached. 
 
Legacy memory giant $SNDK collapsed 12.5% in sympathy as institutional momentum execution accelerated a right-side flush-out. 
 
Are you setting limit orders to buy the structural dip in $AAOI or $TSEM, or holding cash on the sidelines?",2026-06-23T16:08:42Z,Neutral,27,https://stocktwits.com/message/657197592,657197592,2026-06-24T08:57:22.006689
TSEM,BDipNRip,11,$TSEM why tanking? Bu parts from Korea?,2026-06-23T13:25:01Z,Neutral,0,https://stocktwits.com/message/657167066,657167066,2026-06-24T08:57:22.006693
TSEM,BDipNRip,11,@JLCw $TSEM,2026-06-23T03:08:17Z,Neutral,0,https://stocktwits.com/message/657136140,657136140,2026-06-23T09:00:43.664947
TSEM,BDipNRip,11,$TSEM,2026-06-23T02:39:35Z,Neutral,0,https://stocktwits.com/message/657134905,657134905,2026-06-23T09:00:43.664968
TSEM,SonGoku,10263,Very strong $TSEM,2026-06-22T23:24:00Z,Neutral,0,https://stocktwits.com/message/657123659,657123659,2026-06-23T09:00:43.664973
TSEM,Buffetty,225,$TSEM 🚀🚀🚀,2026-06-22T21:20:52Z,Bullish,1,https://stocktwits.com/message/657114497,657114497,2026-06-23T09:00:43.664980
TSEM,RunnerSignals,697,"today Market Warriors 
​$SY $TSEM $MGNX $APPS $ARRY started red, ended loud. the close says someone found the buy button late. worth reading before the next bell",2026-06-22T19:50:19Z,Neutral,0,https://stocktwits.com/message/657102205,657102205,2026-06-23T09:00:43.664984
TSEM,RotationReport,82633,$TSEM target zone reached,2026-06-22T19:16:30Z,Neutral,0,https://stocktwits.com/message/657096484,657096484,2026-06-23T09:00:43.664988
TSEM,propeign123,16,$TSEM we got a runner!,2026-06-22T18:38:20Z,Neutral,0,https://stocktwits.com/message/657090904,657090904,2026-06-23T09:00:43.664991
TSEM,Smoka416,57,$TSEM this thing just never stops LOL,2026-06-22T17:57:16Z,Neutral,0,https://stocktwits.com/message/657085153,657085153,2026-06-23T09:00:43.664995
TSEM,knash,1568,$TSEM look at that!!,2026-06-22T16:41:01Z,Neutral,0,https://stocktwits.com/message/657074203,657074203,2026-06-23T09:00:43.664998
TSEM,Albino_Trader123,545,$TSEM Starting to coil. Trying to breakout of structure. Trigger breakout over 292.50 on volume.  Only concern  i believe with this name is they have some litigation issues.,2026-06-22T03:07:16Z,Neutral,0,https://stocktwits.com/message/657015547,657015547,2026-06-22T11:35:49.857606
TSEM,MorganHoratio,1509,"Focus on the leading stocks: 
 
Market Leaders 
 
$FLEX 
 
$AMD 
 
$TSEM  
 
This highly concentrated leader list exposes an aggressive right-side institutional rotation—directly targeting the hidden manufacturing and infrastructure backbone of the AI expansion. 
 
As a premier full-stack contract manufacturing giant supplying NVIDIA&#39;s critical server power and advanced liquid-cooling manifolds, $FLEX extends its blistering run inside the physical data-center capacity bottleneck. Concurrently, compute vanguard $AMD driven by relentless data-center spend, alongside specialty analog foundry sovereign $TSEM, lock in unassailable pricing power. 
 
As the global tech trade scales deeper into raw engineering footprints and manufacturing constraints, where are you chasing the premium alpha? Are you riding the technical momentum of power/thermal infrastructure king $FLEX, or accumulating the structural breakout inside $AMD? Drop your entry targets below!",2026-06-21T16:33:21Z,Neutral,0,https://stocktwits.com/message/656994773,656994773,2026-06-22T11:35:49.857626
TSEM,ChipDistribution7,786,"$TSEM 
 
Still long here. 
 
$TSEM is breaking out of another Darvas Box. Volume is lighter than I&#39;d like, but the trend remains intact. 
 
I missed the first big move in 2024, so I waited for a high-volume breakout in March instead of chasing. 
 
One thing the market keeps teaching: if you miss a great trade, don&#39;t force the next one. Stay patient. Strong stocks often give you a second opportunity.",2026-06-21T13:54:43Z,Neutral,0,https://stocktwits.com/message/656991214,656991214,2026-06-22T11:35:49.857630
TSEM,DarvasBoxGuru,36423,"I am still long $TSEM and it&#39;s breaking out of another Darvas Box albeit on lighter volume. Sitting and trend-following, did I miss the first run in 2024? You betcha, that&#39;s why I bought the legit breakout on BIG volume in March. If you miss something good once the market usually gives you second chances",2026-06-21T12:28:30Z,Bullish,0,https://stocktwits.com/message/656989647,656989647,2026-06-22T11:35:49.857635
TSEM,MadStockAlerts1,483,"$TSEM buyers are quietly tightening their grip. The moving averages are stacked in order and the uptrend is still intact, the kind of steady build the big boys rarely advertise. 👀",2026-06-20T16:28:01Z,Bullish,0,https://stocktwits.com/message/656973637,656973637,2026-06-21T09:37:01.919888
TSEM,topstockalerts,108358,$TSEM  feels like buyers are slowly taking control here,2026-06-20T00:37:19Z,Neutral,0,https://stocktwits.com/message/656960180,656960180,2026-06-20T08:42:36.057393
TSEM,SonGoku,10256,Liking this name a lot $TSEM also $JBL been on fire as well !,2026-06-19T14:56:41Z,Neutral,0,https://stocktwits.com/message/656943427,656943427,2026-06-20T08:42:36.057410
TSEM,mikesterz7,2120,"$MRVL $TSEM 

The company and Tower Semiconductor have shipped photonic integrated circuits to Marvell’s customers.",2026-06-18T21:38:00Z,Neutral,0,https://stocktwits.com/message/656913275,656913275,2026-06-19T10:15:38.982190
TSEM,Buffetty,225,"$MRVL up 23% just on the reentry, half of the original position up huge. Today’s $TSEM $MRVL news helping 🍀🍀🍀🍀🍀🍀

https://www.benzinga.com/markets/large-cap/26/06/53279445/tower-semiconductor-marvell-ship-over-5-million-photonic-chips-for-ai-data-centers",2026-06-18T15:09:35Z,Bullish,1,https://stocktwits.com/message/656849635,656849635,2026-06-19T10:15:38.982209
TSEM,Buffetty,225,"$TSEM Tower Semiconductor (TSEM) has major fundamental tailwinds that signal further upside:
 Marvell (MRVL) Validation: Shipping over 5 million coherent photonic integrated circuits (PICs) with Marvell proves TSEM’s high-volume production capability in the booming AI data center interconnect (DCI) market.
 Secured Revenue Pipeline: This execution heavily de-risks TSEM’s massive $1.3 billion in Silicon Photonics customer contracts locked in for 2027, guaranteeing long-term growth.
 Moat via Co-Development: TSEM isn’t just a contract manufacturer; it co-develops next-gen tech with Marvell, utilizing advanced 3D integration, non-silicon materials, and V-Groove optical packaging that competitors can&#39;t easily replicate.
Massive generative AI infrastructure spend is accelerating. As MRVL enters the S&amp;P 500, TSEM gains immense visibility as its vital silicon photonics foundry partner.
TSEM isn&#39;t just winning contracts—it&#39;s actively shipping, cementing it as an indispensable AI play. 🍀🍀🍀🍀🍀🍀",2026-06-18T14:41:36Z,Neutral,3,https://stocktwits.com/message/656843602,656843602,2026-06-19T10:15:38.982215
TSEM,Buffetty,225,$TSEM TARGET $400+ with $MRVL shipments 🍀🍀🍀🍀🍀🍀,2026-06-18T13:40:48Z,Bullish,2,https://stocktwits.com/message/656827797,656827797,2026-06-19T10:15:38.982219
TSEM,StocktwitsNews,107919,"MRVL Stock Rises Premarket: Marvell Ships Over 5M Photonic Chips Ahead Of S&amp;P 500 Entry

$MRVL $TSEM

https://stocktwits.com/news/equity/markets/mrvl-stock-rises-premarket-marvell-ships-over-5-m-photonic-chips-ahead-of-s-and-p-500-entry/cZKkGguR7e6",2026-06-18T10:43:33Z,Neutral,0,https://stocktwits.com/message/656806234,656806234,2026-06-19T10:15:38.982223
TSEM,RoughRiceEater,1,2x $TSEM = $TSEG,2026-06-17T14:42:24Z,Neutral,0,https://stocktwits.com/message/656706043,656706043,2026-06-18T10:08:05.927155
TSEM,WAJeff,773,$TSEM add 272.17,2026-06-16T19:32:20Z,Neutral,0,https://stocktwits.com/message/656630603,656630603,2026-06-17T10:28:00.429662
TSEM,BDipNRip,11,$TSEM  $300  🎯,2026-06-16T17:46:14Z,Bullish,0,https://stocktwits.com/message/656614913,656614913,2026-06-17T10:28:00.429688
TSEM,LawnChairCapital,32,"600 watchers 🤣😮‍💨. We’re so early people. So glad I own 1M shares of this one.

Just getting started, at least $3 for this by year end imo.

$IQEPF $TSEM",2026-06-16T15:11:58Z,Bullish,0,https://stocktwits.com/message/656590097,656590097,2026-06-17T10:28:00.429694
TSEM,Gnomsayin,29,$COHR $FN $NVDA $QQQ $TSEM,2026-06-16T06:27:41Z,Neutral,2,https://stocktwits.com/message/656546182,656546182,2026-06-16T14:20:38.378499
TSEM,SonGoku,10249,Incredible gains on $TSEM,2026-06-16T02:43:22Z,Neutral,0,https://stocktwits.com/message/656540391,656540391,2026-06-16T14:20:38.378521
TSEM,MorganHoratio,1431,"The most detailed map of the photonics stack you will find. 
 
Front-End: 
 
Photonic Integrated Circuits 
 
$POET 
 
$LWLG 
 
$MTSI 
 
Top Pick: $TSEM  
 
This Photonics Integrated Circuit (PIC) map targets the next phase of AI scaling: compute boundaries are now determined by optical interconnects, making PIC mass production the ultimate GPU enabler. 
 
Naming $TSEM (Tower Semi) as Top Pick is a masterclass. TSEM just officially announced a massive multi-year InP epiwafer supply pact with IQE today (June 15) to fortify its AI infrastructure roadmap. This complements its blockbuster $1.3B in contracted 2027 silicon photonics revenue and a record-breaking Q2, proving its operational dominance. 
While TSEM secures the foundational foundry alpha, early-stage innovators like $POET (unveiling its Blazar platform) and $LWLG offer massive asymmetric upside in external light sources.",2026-06-15T18:04:03Z,Neutral,0,https://stocktwits.com/message/656492065,656492065,2026-06-16T14:20:38.378526
TSEM,freedomtrader6,615,"$IQE 
My price view on IQE has actually been tracking pretty closely so far. 
 
And yeah, I’ve been bullish on this name for a while on X  not just when it moves up, but through the boring stretches too. 
 
What’s been interesting lately is the steady shift in how the business is being “locked in” by partners. 
 
$MTSI investment helps strengthen the balance sheet and supports long-term LTA demand for IQE’s InP epiwafers 
And now $TSEM has also come in with an LTA as of today 
 
It’s not just one signal anymore… it’s starting to look like repeat confirmations from different parts of the supply chain. 
 
Why I care about this? 
Because LTAs don’t usually show up when nobody cares  they show up when visibility on demand is improving. 
 
Still sub £1B market cap, but the way it’s being tied into the ecosystem feels more important than how the stock has been trading.",2026-06-15T15:47:33Z,Neutral,0,https://stocktwits.com/message/656471545,656471545,2026-06-16T14:20:38.378530
TSEM,Synaptric,21017,"$QQQ $COHR $NVDA Great insightful content. Fabrinet $FN and Tower Semi $TSEM featured prominently as the chokehold.  
Fabrinet market cap $22B with only 2,594 followers. 
Tower Semi market cap $29B with only 3,738 followers. 
 
Alternate link to content: https://www.datagravity.dev/p/light-radio-and-the-race-to-replace",2026-06-15T13:21:52Z,Bullish,1,https://stocktwits.com/message/656445681,656445681,2026-06-16T14:20:38.378535
TSEM,OpenOutcrier,211285,"$TSEM (+5.2% pre) IQE and Tower Semiconductor Announce Multi-year InP epiwafer Supply Agreement 
 
https://ooc.bz/l/105115",2026-06-15T12:36:26Z,Neutral,0,https://stocktwits.com/message/656440757,656440757,2026-06-16T14:20:38.378539
TSEM,SonGoku,10249,Way too early to say $XFABF is the next $TSEM but deff liking what I’ve been reading..,2026-06-15T03:47:46Z,Neutral,0,https://stocktwits.com/message/656423618,656423618,2026-06-16T14:20:38.378542
TSEM,RunirStockAlerts,80,"🧊 ⬆️ $TSEM call wall $280→$300, heat -19 since last session, now ~$263. 
 
Inside the $240 to $300 range, 14% to the call, 9% to the put. 
 
The pin zone moved up, not the regime: dealers still fade moves, just between higher rails ($240 to $300). 
 
Sitting above the gamma flip ($179). 62-session range $133 to $303, trending up. 
 
https://runir.app/d/tsem?utm_source=stocktwits&amp;utm_medium=social&amp;utm_campaign=ticker 
 
Scored in public, daily · not advice",2026-06-12T14:06:24Z,Neutral,0,https://stocktwits.com/message/656265844,656265844,2026-06-16T14:20:38.378546
TSEM,freedomtrader6,615,"$XFAB 
Ok, let’s get real—people keep asking me about this one.  
 
$XFAB isn’t just a sleepy automaker supplier. They’re building a silicon photonics foundry to rival $TSEM and $GFS, and Europe is backing it. Even $NVDA is involved in evaluations behind the scenes. 
 
Here’s the play: 
R&amp;D started 2023, finishing initial development around Oct 2026 
2027 = production ramp, 2028 = full-scale mass production 
Market thinks it’s just a depressed supplier, but this is really Europe’s push to build a local silicon photonics supply chain 
Risk/reward is front-loaded: if they commercialize, the upside could be massive 
 
For folks wanting less drama, $TSEM is the safer, de-risked route. But I’m keeping my eyes on $XFAB it’s early, but exciting.",2026-06-11T17:51:44Z,Neutral,0,https://stocktwits.com/message/656162355,656162355,2026-06-16T14:20:38.378549
TSEM,SuperBusa,82,$TSEM,2026-06-11T15:08:08Z,Neutral,0,https://stocktwits.com/message/656134693,656134693,2026-06-16T14:20:38.378552
TSEM,purist,10,$TSEM added here at the 50 day. Great compounder.,2026-06-10T17:23:26Z,Neutral,0,https://stocktwits.com/message/656026756,656026756,2026-06-16T14:20:38.378556
TSEM,followtrendm,56,$TSEM Great entry price to add to positions!!! Leader in emerging Silicon Photonics at the 50 day moving average.,2026-06-09T23:34:44Z,Neutral,0,https://stocktwits.com/message/655944877,655944877,2026-06-16T14:20:38.378559
TSEM,MarketMaestro1,280,"The next layer of AI winners isn&#39;t always obvious. 
 
Watching: 
 
$NBIS 
 
$LITE 
 
$AAOI 
 
$TSEM 
 
$SIVE 
 
Networking, optics, manufacturing, and infrastructure are becoming critical bottlenecks. 
 
Every AI buildout eventually runs through these layers.",2026-06-09T23:27:10Z,Neutral,0,https://stocktwits.com/message/655944397,655944397,2026-06-16T14:20:38.378562
TSEM,BDipNRip,11,$TSEM bout to go 🆙,2026-06-08T12:00:37Z,Bullish,0,https://stocktwits.com/message/655724062,655724062,2026-06-16T14:20:38.378565
TSEM,SuperGreenToday,1413,"$TSEM
Share Price: $235.19

Contract Selected: Jul 02, 2026 $245 Calls

Buy Zone: $16.57 – $20.48
Target Zone: $27.06 – $33.07
Potential Upside: 54% ROI

Time to Expiration: 26 Days | Updates via https://fxcapta.com/stockinfo/",2026-06-06T02:45:04Z,Neutral,0,https://stocktwits.com/message/655642101,655642101,2026-06-16T14:20:38.378569
TSEM,BDipNRip,11,$MRVL the new king semi is here 💪 $TSEM,2026-06-05T21:46:47Z,Bullish,0,https://stocktwits.com/message/655627391,655627391,2026-06-16T14:20:38.378572
TSEM,WAJeff,773,$TSEM add 244.04,2026-06-05T15:23:47Z,Neutral,0,https://stocktwits.com/message/655559154,655559154,2026-06-16T14:20:38.378575
TSEM,bill42,22,$INTC $TSEM $WOLF something brewing with $WOLF imo.,2026-06-05T14:55:41Z,Neutral,1,https://stocktwits.com/message/655553050,655553050,2026-06-16T14:20:38.378578
TSEM,cheating_stock_trader,683,"$WOLF $INTC should make a play for this. They tried with $TSEM several years back this one makes better sense under intel then buyer&#39;s wouldnt be afraid of instability.

Apollo can make it happen since they have good relations with both and the us government will make the combined team a powerhouse.",2026-06-05T14:47:35Z,Bullish,0,https://stocktwits.com/message/655551389,655551389,2026-06-16T14:20:38.378582
TSEM,BDipNRip,11,$MRVL semi trDe $TSEM $NVTS  $MX  $MRVL $NVDA,2026-06-03T19:06:07Z,Bullish,0,https://stocktwits.com/message/655307345,655307345,2026-06-16T14:20:38.378585
TSEM,Jeremymartin007,868,@judgeyoung2 @cubie @jenbunn @simon58 @ribbey @EBE_day @TraderRapp @Godreal1 @tonyctl @zuby34 right now i would say nothing since everything bounced back. so unless you want to buy the top like me which i dont sugget if no stomach for it. i would go wwith the tech or hardware or semis that dipped. $IBM $DELL $TSM $TSEM etc... etc... buy the one that fell the most i would say imho,2026-06-03T19:01:39Z,Neutral,0,https://stocktwits.com/message/655306672,655306672,2026-06-16T14:20:38.378588
TSEM,BDipNRip,11,$IBM sleepers $TSEM  $MX $MRVL,2026-06-03T17:38:35Z,Bullish,0,https://stocktwits.com/message/655293914,655293914,2026-06-16T14:20:38.378591
TSEM,Estimize,102674,"Wall St is expecting 0.76 EPS for $TSEM Q2 [Reporting 08/04 BMO]
http://www.estimize.com/intro/tsem?chart=historical&amp;metric_name=eps&amp;utm_co",2026-06-03T13:08:28Z,Neutral,0,https://stocktwits.com/message/655239306,655239306,2026-06-16T14:20:38.378594
TSEM,BDipNRip,11,$FN $STRL $TSEM,2026-06-02T17:29:46Z,Bullish,0,https://stocktwits.com/message/655147199,655147199,2026-06-16T14:20:38.378597
TSEM,BDipNRip,11,Jensen approves $MRVL  $TSEM,2026-06-02T17:24:53Z,Bullish,0,https://stocktwits.com/message/655146445,655146445,2026-06-16T14:20:38.378600
TSEM,knash,1565,$TSEM lots of volatility but it&#39;s used the 20 and 30dmas as its base support,2026-06-02T14:29:52Z,Neutral,0,https://stocktwits.com/message/655112040,655112040,2026-06-16T14:20:38.378604
TSEM,GDS_investing,1144,"$ZIM Don&#39;t just get excited about Hapag-Lloyd&#39;s $35 acquisition offer. 
Zim can also go ahead on its own and reach $50-70 ! 
Read this  story: 
Two years ago, Intel $INTC  wanted to acquire tower $TSEM  $50 
after the announcement, the stock jumped to the 50 area. 
In the end, the deal was not approved, the stock dropped to 28! 
Less than two years have passed and towe  $TSEM  reached $300!!!! On its own. 
$ZIM  can also go it alone. There is a reason why Hapag-Lloyd wants to acquire it. 
LONG AND STRONG $ZIM",2026-06-02T13:52:04Z,Bullish,0,https://stocktwits.com/message/655101427,655101427,2026-06-16T14:20:38.378608
TSEM,BDipNRip,11,$TSEM why this not up?8,2026-06-02T00:50:03Z,Bullish,0,https://stocktwits.com/message/655056314,655056314,2026-06-16T14:20:38.378611
TSEM,Radiodude60,6,$TSEM Leo Azzburger is apparently bearish on this stock. Let&#39;s all do like good little lemmings and head for the nearest cliff!,2026-06-01T23:40:05Z,Bullish,0,https://stocktwits.com/message/655051440,655051440,2026-06-16T14:20:38.378616
TSEM,earleeretirement,42,$TSEM,2026-06-01T15:34:06Z,Neutral,0,https://stocktwits.com/message/654985111,654985111,2026-06-16T14:20:38.378619
TSEM,LongShlong33,164,$TSEM easy buy here,2026-05-30T14:12:24Z,Bullish,0,https://stocktwits.com/message/654870490,654870490,2026-06-16T14:20:39.062988
TSEM,Jeremymartin007,868,@EBE_day @ribbey @cubie @simon58 @judgeyoung2 @jenbunn @Godreal1 @TraderRapp @tonyctl @zuby34 someone or someones are expecting $TSEM to get to 300$ in 2 weeks or so it seem if i look at the options🤔,2026-05-29T19:16:01Z,Neutral,0,https://stocktwits.com/message/654827399,654827399,2026-06-16T14:20:39.063011
TSEM,Arcides,161,$TSEM semis are beginning to be pupu,2026-05-29T18:33:15Z,Neutral,0,https://stocktwits.com/message/654820949,654820949,2026-06-16T14:20:39.063016
TSEM,Good2go,1765,$TSEM  short term buy signal due to heavy finger down today plus previous 2 red days after 303 blow off top.,2026-05-29T17:26:38Z,Bullish,0,https://stocktwits.com/message/654810536,654810536,2026-06-16T14:20:39.063020
TSEM,WAJeff,773,$TSEM add 250.67,2026-05-29T16:56:21Z,Neutral,0,https://stocktwits.com/message/654805665,654805665,2026-06-16T14:20:39.063024
TSEM,Bazzzigar,938,$TSEM geopolitical risk,2026-05-29T16:44:34Z,Bearish,0,https://stocktwits.com/message/654803702,654803702,2026-06-16T14:20:39.063027
TSEM,knash,1565,$TSEM getting hammered,2026-05-29T16:42:38Z,Neutral,0,https://stocktwits.com/message/654803405,654803405,2026-06-16T14:20:39.063030
TSEM,BDipNRip,11,$TSEM $ chance to get in on the next semi cheap $MRVL $NVDA $MU,2026-05-29T15:30:38Z,Bullish,0,https://stocktwits.com/message/654789674,654789674,2026-06-16T14:20:39.063033
TSEM,samedison,120,$AAOI $SIVEF $TSEM It looks like rotation from AI Optics to Saas stocks. good day to buy the dips,2026-05-29T14:49:03Z,Neutral,0,https://stocktwits.com/message/654780290,654780290,2026-06-16T14:20:39.063036
TSEM,ChrisChristopherson,104,$GFS $QNT.X $HON $TSEM $INFQ,2026-05-29T14:46:54Z,Neutral,0,https://stocktwits.com/message/654779749,654779749,2026-06-16T14:20:39.063039
TSEM,ChrisChristopherson,104,"@Aphandles24 buying $GFS Quantinium going public on Thursday !!!  👀 connection .

Sued $TSEM for patent . Onshoring is going to make GFS a rock star . 

Advanced packaging 
Photonics
Optics
Automation

All TSEM sipho biz ➡️ $GFS 👀

On a roadshow to sell the quantinium IPO 

👀",2026-05-29T14:35:28Z,Neutral,0,https://stocktwits.com/message/654776863,654776863,2026-06-16T14:20:39.063041
TSEM,GiladF,28,"$ALMU $INTC $AMD $TSEM  
1. PsiQuantum 
2. Diraq or Global  
 
in ranking for most likely partner for the 2 billion chips award.",2026-05-29T13:31:39Z,Bullish,0,https://stocktwits.com/message/654759479,654759479,2026-06-16T14:20:39.063045
TSEM,BDipNRip,11,$TSEM this at $283 than $MRVL  going much higher,2026-05-28T13:15:34Z,Bullish,0,https://stocktwits.com/message/654612288,654612288,2026-06-16T14:20:39.063048
TSEM,BillionerOfKing,1077,"$TSEM
Current Stock Price: $279.23
Contracts to trade: $280.0 TSEM May 29 2026 Call
Entry: $7.00
Exit: $12.64
ROI: 81%
Hold ~28 days

Shared as daily free alerts and for educational purposes only. https://dailypickai.com/freealerts",2026-05-27T16:32:28Z,Neutral,0,https://stocktwits.com/message/654518445,654518445,2026-06-16T14:20:39.063051
TSEM,Radiodude60,6,$TSEM Sorry bears can&#39;t keep a good stock down !,2026-05-27T10:44:25Z,Bullish,0,https://stocktwits.com/message/654463755,654463755,2026-06-16T14:20:39.063054
TSEM,Dr_Stoxx,126421,$SNPS $TER $TSEM are the top 3 in the space.  Not junk.  :),2026-05-26T16:07:47Z,Neutral,1,https://stocktwits.com/message/654386940,654386940,2026-06-16T14:20:39.063057
TSEM,TwoToesTrading,3709,"$NVDA $QQQ $SPY $TSM $TSEM 

ALMOST THAT TIME 🤑",2026-05-26T12:42:49Z,Neutral,0,https://stocktwits.com/message/654351826,654351826,2026-06-16T14:20:39.063060
TSEM,STACKD0E,164,$TSEM +111% We did it 🙃 ✨️ Next stop $350,2026-05-26T11:51:24Z,Bullish,2,https://stocktwits.com/message/654347185,654347185,2026-06-16T14:20:39.063063
TSEM,CapitalMonk,121,"$TSEM
Price: $283.43 (+1.58%)
Trend: Bullish
Market Bias (7D): Bullish Bias 📈
Expected Range: ±7.28%
RSI: 68.9 | Momentum: Strong Momentum
Volume: -43.7% vs avg
Volatility: 6.87%
Support: $184.14 | Resistance: $288.19

Sourch: http://marketbaubles.com/",2026-05-25T20:31:43Z,Neutral,0,https://stocktwits.com/message/654317215,654317215,2026-06-16T14:20:39.063066
TSEM,DarvasBoxGuru,36420,$TSEM with a Darvas Box breakout last week. I have some of this one,2026-05-25T15:12:18Z,Bullish,0,https://stocktwits.com/message/654307013,654307013,2026-06-16T14:20:39.063070
TSEM,ChipDistribution7,718,"$AEHR is still priced like a niche SiC burn-in play, but that framing may be off. 
 
HBM4E and high-bandwidth flash change the math. When you stack 12–16 dies, one bad die can kill a $1,000+ package. Post-packaging test becomes too expensive and too late. 
 
That pushes testing upstream. 
 
Wafer-level burn-in starts shifting from “nice-to-have QA” to economic necessity — and FOX-XP is already sitting right there. 
 
Zoom out: 
$MU drives HBM, 
$TSEM supports advanced interconnect layers, 
$AAOI moves data through optical systems. 
 
If AEHR ever ties into HBM/HBF qualification, this stops being an EV SiC story and starts looking like AI memory infrastructure leverage. 
 
Market isn’t pricing that yet. 
 
Follow me    👉@ChipDistribution7 for real-time updates and everything. Let’s make moves!",2026-05-24T14:57:21Z,Neutral,0,https://stocktwits.com/message/654278600,654278600,2026-06-16T14:20:39.063072
TSEM,InItToWinIt100,4535,$UMC $CIEN $TSEM $GFS,2026-05-23T07:40:17Z,Neutral,1,https://stocktwits.com/message/654244647,654244647,2026-06-16T14:20:39.063075
TSEM,MorganHoratio,1431,"Photonics continues to be the leading theme this year: 
 
$CIEN Ciena +141.93% 
 
$TSEM Tower Semiconductor +135.23% 
 
$GFS GlobalFoundries +132.28% 
 
$UMC United Microelectronics + 131.81% 
 
This is a structural upgrade—the rally has transitioned from speculative design plays into heavy physical layer constraints. $CIEN is commanding the short squeeze via its total monopoly on core optical networking routing, while silicon photonics (CPO) and foundry gatekeepers like $TSEM, $GFS, and $UMC are decoupling violently. This proves that mega-cap AI cluster buildouts are aggressively flowing back to specialized mature node capacity. 
 
Are you letting your profits ride on these giant runners, or are you scaling out to front-run the next lagging upstream bottleneck before the music stops? Drop your playbook below!",2026-05-23T00:10:14Z,Neutral,0,https://stocktwits.com/message/654236928,654236928,2026-06-16T14:20:39.063078
TSEM,FibonacciTrader_,1100,"Photonics + semiconductor infrastructure continues to lead the market narrative this year -3 
 
 Key YTD leaders: 
 
$STM — +144.28% (STMicroelectronics, diversified semiconductor + photonics exposure) 
$CIEN — +141.93% (Ciena, optical networking backbone benefiting from AI data traffic surge) 
$TSEM — +135.23% (Tower Semiconductor, specialty foundry demand expansion) 
$GFS — +132.28% (GlobalFoundries, AI chip supply chain leverage) 
$UMC — +131.81% (United Microelectronics, foundry cycle strength and capacity utilization gains) 
 
When foundries + optical networking names move together like this, it signals a deeper trend: AI infrastructure scaling is not just compute-heavy — it’s fabrication + transmission + connectivity all expanding simultaneously",2026-05-23T00:02:34Z,Neutral,0,https://stocktwits.com/message/654236592,654236592,2026-06-16T14:20:39.063081
TSEM,MoneyBrothers,18,$LWLG brothers in arms $TSEM $MRVL,2026-05-22T17:15:01Z,Neutral,0,https://stocktwits.com/message/654197357,654197357,2026-06-16T14:20:39.063084
TSEM,HericuleParrot,121,$TSEM tired sold,2026-05-22T14:46:18Z,Neutral,1,https://stocktwits.com/message/654172226,654172226,2026-06-16T14:20:39.063087
TSEM,WAJeff,773,$TSEM $287.45 52 week high,2026-05-22T14:15:04Z,Neutral,0,https://stocktwits.com/message/654164742,654164742,2026-06-16T14:20:39.063090
TSEM,CapitalMonk,121,"$TSEM
Price: $279.01 (+5.49%)
Trend: Bullish
Market Bias (7D): Bullish Bias 📈
Expected Range: ±9.96%
RSI: 67.0 | Momentum: Strong Momentum
Volume: -39.2% vs avg
Volatility: 6.89%
Support: $184.14 | Resistance: $283.46

Sourch: http://marketbaubles.com/",2026-05-21T20:47:21Z,Neutral,0,https://stocktwits.com/message/654103840,654103840,2026-06-16T14:20:39.063093
TSEM,SYTRADES,41,$TSEM why is no one talking about this today?,2026-05-21T17:33:14Z,Neutral,0,https://stocktwits.com/message/654075739,654075739,2026-06-16T14:20:39.063096
TSEM,69daytrader,316,$TSEM well shizzle,2026-05-20T14:48:34Z,Neutral,0,https://stocktwits.com/message/653917548,653917548,2026-06-16T14:20:39.063099
TSEM,69daytrader,316,$TSEM on support now,2026-05-20T13:55:26Z,Neutral,0,https://stocktwits.com/message/653908482,653908482,2026-06-16T14:20:39.752246
TSEM,HericuleParrot,121,$TSEM can it regain highs. Heavy selling yesterday,2026-05-19T04:57:34Z,Neutral,0,https://stocktwits.com/message/653766986,653766986,2026-06-16T14:20:39.752268
TSEM,sharetp02,74,"@jp0913 - What is your average? Reason I ask is because I don&#39;t know anyone who trades $TSEM. In March when it was at 125+, I set it to buy at 124 but didnt realize it expired 24 hours later. I  did swing trade $TSEM then other day and took profit because I knew there was going to be a sell-off. 

I&#39;m not in a rush and there will be a summer sale so I&#39;m going to wait it out to see which price it lingers around and load up there. Or buy a few a later today.",2026-05-18T20:58:12Z,Bullish,0,https://stocktwits.com/message/653745657,653745657,2026-06-16T14:20:39.752275
TSEM,WAJeff,773,$TSEM add 245.31,2026-05-18T17:53:17Z,Neutral,0,https://stocktwits.com/message/653721270,653721270,2026-06-16T14:20:39.752279
TSEM,earleeretirement,42,$TSEM LFG,2026-05-18T14:13:56Z,Bullish,0,https://stocktwits.com/message/653686519,653686519,2026-06-16T14:20:39.752283
TSEM,HericuleParrot,121,"$TSEM give me 335 , why it is not hitting the roof",2026-05-18T04:39:50Z,Neutral,0,https://stocktwits.com/message/653656210,653656210,2026-06-16T14:20:39.752286
TSEM,ChipDistribution7,718,"This is probably one of the more important macro reads I’m tracking… 
 
Global photonics shifting from ~1.1T in 2025 → ~1.5T by 2030, and silicon photonics alone compounding ~4–5x this decade. Quantum photonics even faster in the background. 
 
But when you look at actual public exposure… it still feels early. Even if names like $AAOI $AEHR $TSEM $COHR $LITE double again from here, the combined market caps barely scratch what’s forming in optical interconnects, CPO, OCS, AI fabrics, and defense photonics. 
 
That gap between infrastructure scale and equity pricing is still wide. 
 
Not saying it closes fast… but it’s hard to ignore how under-owned this stack still is. 
 
Curious who else is building a basket here vs just watching it evolve? 
 
Follow me    👉@ChipDistribution7 for real-time updates and everything. Let’s make moves!",2026-05-17T15:41:47Z,Neutral,0,https://stocktwits.com/message/653630250,653630250,2026-06-16T14:20:39.752290
TSEM,MorganHoratio,1431,"Most people talking about “photonic memory” can’t explain CXL memory pooling, KV cache infrastructure, or how $PENG monetizes AI infrastructure. Seeing nonstop bad takes involving $RKLB, $HIMS, $TSEM, and $SMCI — mixing up MOCVD capex, system integration, and photonics IP like they’re the same thing. Too many AI buzzwords, not enough technical understanding. 
 
Pure gold! This post is a much-needed reality check, exposing those who conflate integrators like $SMCI with real photonics IP. 
 
AI inference is radically shifting from being compute-bound to memory-bound. If you don&#39;t grasp how $PENG&#39;s CXL-based 11TB KV Cache server breaks the &quot;GPU memory wall&quot; to eliminate redundant re-compute and slash TTFT, you can’t value true tech moats. Furthermore, dismissing $TSEM&#39;s massive $920M silicon photonics capex expansion without understanding MOCVD and epitaxial growth layers proves most are just chasing hype. 
 
 In the agentic AI era, what&#39;s your ultimate fix for the memory wall?",2026-05-17T15:08:12Z,Neutral,0,https://stocktwits.com/message/653629427,653629427,2026-06-16T14:20:39.752293
TSEM,Honeystocks,5104,"$TSEM $SMH  
New recent highs.  
 
Continues ripping higher.",2026-05-17T12:51:11Z,Neutral,3,https://stocktwits.com/message/653626148,653626148,2026-06-16T14:20:39.752296
TSEM,HedgeFollow,452,". 
🔍 𝗡𝗘𝗪 13𝗙 𝗥𝗘𝗟𝗘𝗔𝗦𝗘𝗗 🔎 
 
5-star Fund Manager Alex Sacerdote (Whale Rock) just filed his 13F 
 
Portfolio changes: 
 
𝗡𝗲𝘄 𝗟𝗔𝗥𝗚𝗘 𝗕𝘂𝘆𝘀: $TSEM, $LRCX 
𝗥𝗲𝗱𝘂𝗰𝗲𝗱 by 46%: $DUOL  
𝗦𝗢𝗟𝗗 out: NU holdings, HP and Mercadolibre 
 
 
Alex is up 198.41% in past 3 years 
 
Source: hedgefollow.com/funds/Whale+Rock+Capital+Management",2026-05-15T16:09:52Z,Neutral,0,https://stocktwits.com/message/653532726,653532726,2026-06-16T14:20:39.752299
TSEM,Radiodude60,6,$MU $CBRS  the last couple of days were colored by the Cerebras IPO . People scrambling to get powder dry to try and get shares. I was one of them....sadly I got zero of my requested shares. I then put that money into $TSEM rather then fall for the ipo chase. Far better to wait until $CBRS drops to likely below what the initial offering price was over th next couple of weeks once the hype wears off.,2026-05-15T09:41:56Z,Neutral,0,https://stocktwits.com/message/653479469,653479469,2026-06-16T14:20:39.752302
TSEM,phatsuit,33,$TSEM Getting involved,2026-05-14T22:07:51Z,Neutral,0,https://stocktwits.com/message/653449427,653449427,2026-06-16T14:20:39.752305
TSEM,ChartGeek,216,$TSEM 225 soon,2026-05-14T20:14:30Z,Bearish,0,https://stocktwits.com/message/653433644,653433644,2026-06-16T14:20:39.752308
TSEM,ChartGeek,216,@Srinivas111 $TSEM  It has to go to 224 before going to your target .,2026-05-14T17:25:50Z,Neutral,0,https://stocktwits.com/message/653403406,653403406,2026-06-16T14:20:39.752311
TSEM,Srinivas111,618,"$TSEM before you know it this will go 400
$STRL $FIX $J $TPC

BIG   winners in infrastructure",2026-05-14T16:28:36Z,Neutral,0,https://stocktwits.com/message/653392199,653392199,2026-06-16T14:20:39.752314
TSEM,2moontrader,56,"Last chance to get $GFS at a discount. They will likely win photonics lawsuit against $TSEM and become the dominant player in photonics foundry and advanced packaging. Remember GFS is a trusted manufacturer for the US government, and one of the only American trailing-edge foundries, it’s a national security stock like $INTC. 

$NVDA is expanding rapidly in using photonics for AI datacenters, a massive deal with GFS is inevitable.",2026-05-14T15:57:01Z,Bullish,0,https://stocktwits.com/message/653385718,653385718,2026-06-16T14:20:39.752317
TSEM,solarexpert,60,"$TSEM 

https://m.investing.com/news/analyst-ratings/benchmark-raises-tower-semiconductor-stock-price-target-on-ai-chip-demand-93CH-4689248?ampMode=1",2026-05-14T15:24:47Z,Neutral,0,https://stocktwits.com/message/653378531,653378531,2026-06-16T14:20:39.752320
TSEM,ZacksSCR,206,"$TSEM Tower Semiconductor Report Q1 With Revenues on Target, But Much Higher Margins https://buff.ly/AJPvG1v",2026-05-14T13:40:27Z,Neutral,0,https://stocktwits.com/message/653351569,653351569,2026-06-16T14:20:39.752323
TSEM,Srinivas111,618,$ANET $ALAB $TSEM $BE let us go,2026-05-14T13:03:41Z,Neutral,0,https://stocktwits.com/message/653344323,653344323,2026-06-16T14:20:39.752326
TSEM,ure300,319,$TSEM the run is over,2026-05-14T13:00:42Z,Neutral,0,https://stocktwits.com/message/653343925,653343925,2026-06-16T14:20:39.752329
TSEM,solarexpert,60,$TSEM,2026-05-14T12:13:42Z,Neutral,0,https://stocktwits.com/message/653337786,653337786,2026-06-16T14:20:39.752332
TSEM,solarexpert,60,$TSEM,2026-05-14T10:50:30Z,Neutral,0,https://stocktwits.com/message/653330197,653330197,2026-06-16T14:20:39.752334
TSEM,topstockalerts,108287,$TSEM  the price action continues to strengthen.,2026-05-14T02:05:34Z,Neutral,0,https://stocktwits.com/message/653315647,653315647,2026-06-16T14:20:39.752337
TSEM,MorganHoratio,1431,"All these stocks hit new 52 WEEK HIGHS at some point today 
 
Palo Alto $PANW 
 
Tower Semiconductor $TSEM 
 
Vertiv $VRT 
 
Akamai $AKAM 
 
Datadog $DDOG  
 
This 52-week high list perfectly maps out the &quot;AI Backbone&quot;: $VRT’s cooling infrastructure and $TSEM’s specialized silicon are the physical heart; $PANW and $DDOG represent the non-negotiable essentials—security and observability; $AKAM’s breakout signals the return of Edge Computing. 
 
This isn&#39;t just a hype rally; it&#39;s an &quot;order-book rally.&quot; As compute scales, do you bet on the &quot;cooling&quot; power of $VRT or the &quot;data shield&quot; of $PANW for long-term dominance? Drop your thoughts below!",2026-05-13T22:12:39Z,Neutral,0,https://stocktwits.com/message/653298139,653298139,2026-06-16T14:20:39.752340
TSEM,crtlabz,245,$TSEM,2026-05-13T22:09:21Z,Bullish,0,https://stocktwits.com/message/653297859,653297859,2026-06-16T14:20:39.752343
TSEM,LewisDaKat,255,"$TSEM Why Tower Semiconductor Stock Climbed Today 
 
https://marketwirenews.com/stock/tsem/news/why-tower-semiconductor-stock-climbed-today-4736655442023868.html?utm_source=stocktwits",2026-05-13T22:00:39Z,Neutral,0,https://stocktwits.com/message/653297030,653297030,2026-06-16T14:20:39.752346
TSEM,LewisDaKat,255,"$TSEM Tower Semiconductor Ltd. (NASDAQ: TSEM) Records 52-Week High Wednesday Morning 
 
https://marketwirenews.com/stock/tsem/news/tower-semiconductor-ltd-nasdaq-tsem-records-52-week--8743993258422907.html?utm_source=stocktwits",2026-05-13T21:30:50Z,Neutral,0,https://stocktwits.com/message/653293868,653293868,2026-06-16T14:20:39.752349
TSEM,2moontrader,56,"@Timefortendies77 Grab GlobalFoundries ($GFS ), they are the most equipped fab to build out photonic related chips (they bought Singapore government backed AMF last year). GFS has a ton of blocking patents and leverage in the photonic industry, especially when it comes to fabrication and advanced packaging. They are even suing $TSEM because of photonic-related patent infringements. 

Nokia ($NOK) too is a good photonic stock, they have a trove of photonic patents after they purchased Infinera last year. Nvidia invested $1B in them recently.",2026-05-13T21:17:19Z,Bullish,0,https://stocktwits.com/message/653292213,653292213,2026-06-16T14:20:39.752352
TSEM,KornieAwareness7,14496,$TSEM wow one by one dot com stocks going back to ATH,2026-05-13T21:15:51Z,Neutral,0,https://stocktwits.com/message/653292012,653292012,2026-06-16T14:20:39.752355
TSEM,topstockalerts,108287,"$TSEM  the market keeps throwing curveballs, and this is one of them.",2026-05-13T20:04:12Z,Neutral,0,https://stocktwits.com/message/653281582,653281582,2026-06-16T14:20:39.752358
TSEM,Im_Naruto,21,$TSEM $LWLG both moving in sync…,2026-05-13T19:45:25Z,Bullish,0,https://stocktwits.com/message/653277653,653277653,2026-06-16T14:20:40.438556
TSEM,BahsnuffHomer,34,$TSEM earnings by 3 mill 24 billion evaluation .. ?,2026-05-13T19:39:27Z,Neutral,0,https://stocktwits.com/message/653276501,653276501,2026-06-16T14:20:40.438579
TSEM,MarketBeat,11220,"https://marketbeat.com/a/8652824/
 
$TSEM

Tower Semiconductor Q1 Earnings Call Highlights",2026-05-13T18:10:58Z,Neutral,0,https://stocktwits.com/message/653260497,653260497,2026-06-16T14:20:40.438584
TSEM,Srinivas111,618,"$NBIS $TSEM $NOK $MU 
People are buying the undervalued AI stocks
TSEM way undervalued",2026-05-13T17:41:27Z,Neutral,0,https://stocktwits.com/message/653255052,653255052,2026-06-16T14:20:40.438589
TSEM,GoldenGate23,43,$TSEM no doubt this one has run hard and will likely see some pull back and base building.  I don’t see a secondary here.  Maybe a share buyback or some insider selling?  The company has plenty of cash and low relative debt.,2026-05-13T17:41:01Z,Bullish,0,https://stocktwits.com/message/653254977,653254977,2026-06-16T14:20:40.438593
TSEM,Harry_Dunne,23,@TradeMadeNow $TSEM vs $TSMC,2026-05-13T17:06:40Z,Neutral,0,https://stocktwits.com/message/653248805,653248805,2026-06-16T14:20:40.438597
TSEM,hedgefundoptionsmaster,27,$TSEM prolly they announce a dilutive secondary soon. LFG.,2026-05-13T16:55:50Z,Neutral,0,https://stocktwits.com/message/653246840,653246840,2026-06-16T14:20:40.438600
TSEM,hedgefundoptionsmaster,27,$TSEM sold all my $110 shares at $267 and went short $266. Will cover $230 and then maybe flip back to long. Will see.,2026-05-13T16:54:53Z,Neutral,0,https://stocktwits.com/message/653246695,653246695,2026-06-16T14:20:40.438603
TSEM,TerzoMillennio,115,$ALMU and $TSEM   something is up between these two!,2026-05-13T16:37:42Z,Bullish,0,https://stocktwits.com/message/653243666,653243666,2026-06-16T14:20:40.438607
TSEM,draketdot,341,$TSEM fill the gap and im in,2026-05-13T15:30:55Z,Bullish,0,https://stocktwits.com/message/653230444,653230444,2026-06-16T14:20:40.438611
TSEM,EarningsInsider,52846,"https://www.marketbeat.com/earnings/reports/2026-5-13-tower-semiconductor-ltd-stock/

$TSEM Tower Semiconductor Earnings Transcript",2026-05-13T15:30:37Z,Neutral,0,https://stocktwits.com/message/653230380,653230380,2026-06-16T14:20:40.438614
TSEM,BreakoutsHappen,52,"Momentum Ranking Today: $KC $TSEM $NXT $LUMN  
 
https://breakoutshappen.com/scanners/momentum-ranking",2026-05-13T15:19:15Z,Neutral,0,https://stocktwits.com/message/653227964,653227964,2026-06-16T14:20:40.438617
TSEM,notreload_ai,285,$TSEM beats Q1 estimates with 15% revenue growth and  guides record Q2 revenue of $455M. $1.3B silicon photonics contracts for  2027 + $290M prepayments fuel AI growth. https://notreload.xyz/tower-semiconductor-soars-on-1-3b-sipho-deals-record-q2/,2026-05-13T15:17:29Z,Neutral,0,https://stocktwits.com/message/653227601,653227601,2026-06-16T14:20:40.438620
TSEM,Alien1980,401,$TSEM tying to bounce R/N  👀👀,2026-05-13T15:15:33Z,Neutral,1,https://stocktwits.com/message/653227191,653227191,2026-06-16T14:20:40.438623
TSEM,ChartGeek,216,$TSEM 234 today,2026-05-13T15:10:00Z,Bearish,0,https://stocktwits.com/message/653225986,653225986,2026-06-16T14:20:40.438626
TSEM,Srinivas111,618,"$NBIS $TSEM $MU bullish
Tsem target is 430",2026-05-13T15:00:21Z,Neutral,0,https://stocktwits.com/message/653223955,653223955,2026-06-16T14:20:40.438629
TSEM,LewisDaKat,255,"$TSEM Tower Semiconductor Signs Customer Contracts for $1.3 Billion Silicon Photonics Revenue for 2027 
 
https://marketwirenews.com/stock/tsem/news/tower-semiconductor-signs-customer-contracts-for-1-3-5816298100427265.html?utm_source=stocktwits",2026-05-13T14:30:32Z,Neutral,0,https://stocktwits.com/message/653217049,653217049,2026-06-16T14:20:40.438632
TSEM,howardlindzon,387654,"$TSEM easy but point here :) 

I kid 

congrats longs",2026-05-13T14:02:15Z,Neutral,0,https://stocktwits.com/message/653209877,653209877,2026-06-16T14:20:40.438635
TSEM,WAJeff,773,"$TSEM More sold at 261.98, 268.88 52 week high",2026-05-13T14:02:10Z,Neutral,0,https://stocktwits.com/message/653209848,653209848,2026-06-16T14:20:40.438638
TSEM,knash,1565,$TSEM ohhhh my gud!!!!  I see longs peeing their pants with joy,2026-05-13T13:57:50Z,Neutral,0,https://stocktwits.com/message/653208561,653208561,2026-06-16T14:20:40.438642
TSEM,Treebaum808,14,"$LWLG always like to retain my skeptisicm until the ink is dried on LWLG 8k filings, but this Tower PR has me really thinking well see actual, significant revenues here shortly. Maybe they won&#39;t be reported today, because today covers Q1, but we&#39;ll see.  The news with this one is dropping faster and faster now. Fingers crossed, in a year&#39;s time the valley of death will be a memory of the past and the focus will be on which new verticals LWLG can move into and how much they&#39;re going to be growing revenue YoY. 
 
 
P.S.  Shorts: Please review the $TSEM PR today and understand th eimplications before trying to execute another raid.",2026-05-13T13:33:28Z,Bullish,0,https://stocktwits.com/message/653201663,653201663,2026-06-16T14:20:40.438645
TSEM,StocktwitsNews,107667,"Tower Semiconductor’s $1.3B Revenue Addition Gets Retail Buzzing – TSEM Stock’s Massive Surge Puts It On Track To Hit Over A Decade High

$TSEM

https://stocktwits.com/news/equity/markets/TSEM-shares-at-decade-highs-on-results-billion-dollar-contracts/cZXLlLnRe0U",2026-05-13T13:25:56Z,Neutral,0,https://stocktwits.com/message/653200200,653200200,2026-06-16T14:20:40.438666
TSEM,DonCorleone77,72942,"$VELO $EOSE $TSEM $AIP $KRNT  
 
PRE-MARKET MOVERS: 
 
Currently Higher After Earnings: 
 
- Velo3D (VELO) up 19.1% 
- Eos Energy (EOSE) up 19.3% 
- Tower Semiconductor (TSEM) up 15.4% 
- Arteris (AIP) up 11.0% 
- Kornit Digital (KRNT) up 1.4% 
 
Currently Also Higher: 
 
- Nvidia (NVDA) up 1.8% after Reuters reported President Trump added Nvidia head Jensen Huang to the CEO delegation traveling with him to meet Xi Jinping in China 
 
Currently Lower After Earnings: 
 
- Wix.com (WIX) down 25.5% 
- Dynatrace (DT) down 12.1% 
- Karman (KRMN) down 11.0% 
- Birkenstock (BIRK) down 6.0% 
- Alibaba (BABA) down 2.6% 
- Oklo (OKLO) down 1.9%",2026-05-13T13:11:04Z,Neutral,0,https://stocktwits.com/message/653197903,653197903,2026-06-16T14:20:40.438669
TSEM,GetVector,1518,"Vector Intelligence (VI) is an algorithm designed to predict potential outsized intraday moves.  VI will select up to 4 stocks per day.  Today&#39;s VI stocks:  $EOSE, $NBIS, $TSEM, $WIX.",2026-05-13T12:52:54Z,Neutral,0,https://stocktwits.com/message/653195352,653195352,2026-06-16T14:20:40.438672
TSEM,Perkinamine,43,$LWLG thank you $TSEM for referencing LWLG’s organic silicon photonics technology in your PR about getting $1.3 billion in silicon photonics orders.,2026-05-13T12:50:58Z,Bullish,1,https://stocktwits.com/message/653195091,653195091,2026-06-16T14:20:40.438675
TSEM,cubie,10577,"$TSEM omg, like $NBIS, hit cubie pyb and dropped for first pullback 🤭🫡😁",2026-05-13T12:44:07Z,Neutral,2,https://stocktwits.com/message/653194140,653194140,2026-06-16T14:20:40.438678
TSEM,cubie,10577,"@Jeremymartin007 @simon58 @judgeyoung2 @jenbunn @EBE_day @ribbey @TraderRapp @Godreal1 @tonyctl @zuby34 

$TSEM see interesting indeed
 guess. all those otm mulitlegs were poot selling 😅",2026-05-13T12:41:44Z,Neutral,0,https://stocktwits.com/message/653193815,653193815,2026-06-16T14:20:40.438681
TSEM,Alien1980,401,"$TSEM new number is 247s 
Still bullish but needs that FVG",2026-05-13T12:37:04Z,Bullish,0,https://stocktwits.com/message/653193101,653193101,2026-06-16T14:20:40.438684
TSEM,OpenOutcrier,211285,"$TSEM (+17.1% pre) Tower Semiconductor Reports First Quarter 2026 Financial Results with 15% Year over Year Revenue Growth 
 
https://ooc.bz/l/102085",2026-05-13T12:27:12Z,Neutral,0,https://stocktwits.com/message/653191727,653191727,2026-06-16T14:20:40.438687
TSEM,WAJeff,773,"$TSEM Holy smokes, another one that has just gone off this year",2026-05-13T12:19:48Z,Neutral,0,https://stocktwits.com/message/653190904,653190904,2026-06-16T14:20:40.438690
TSEM,MilkingAlgosEveryMonday,127,"$TSEM SAN FRANCISCO, March 26 (Reuters) - GlobalFoundries (GFS.O), opens new tab said on ​Thursday it has sued Israel-based rival Tower Semiconductor (TSEM.TA), opens new tab, alleging that ‌Tower Semiconductor infringed on 11 GlobalFoundries patents that relate to manufacturing chips that go into smartphones and other electronic devices. 
GlobalFoundries said it has filed ​two complaints in the U.S. District Court for the Western ​District of Texas and one with the U.S. International ⁠Trade Commission. The Malta, New York-based semiconductor manufacturer said the ITC ​case will seek to block the import into the U.S. of ​chips made by Tower Semiconductor that were made with technologies covered by the patents in the case. 
$GFS  https://www.reuters.com/legal/litigation/globalfoundries-files-patent-infringement-lawsuits-against-tower-semiconductor-2026-03-26/",2026-05-13T12:15:22Z,Bearish,0,https://stocktwits.com/message/653190369,653190369,2026-06-16T14:20:42.335312
TSEM,Alien1980,401,$TSEM should be coming back to retest 254s to be purposefully vague lol...Another one to add to the WL,2026-05-13T12:12:09Z,Bullish,0,https://stocktwits.com/message/653189997,653189997,2026-06-16T14:20:42.335335
TSEM,DrJohansson,9,$TSEM Looks light in here. 100sh total yesterday between $221 and $223. Solid return this morning. It should go well with my NEBX and NBIS gains.,2026-05-13T12:04:42Z,Neutral,0,https://stocktwits.com/message/653189103,653189103,2026-06-16T14:20:42.335340
TSEM,survland,38,$INOD $TSEM popping also,2026-05-13T12:00:21Z,Neutral,0,https://stocktwits.com/message/653188621,653188621,2026-06-16T14:20:42.335344
TSEM,yooa,349,$TSEM Beautiful earnings. 🎯💯🚀😍,2026-05-13T11:57:19Z,Bullish,0,https://stocktwits.com/message/653188344,653188344,2026-06-16T14:20:42.335348
TSEM,77xxx,33,$TSEM,2026-05-13T11:56:17Z,Bullish,0,https://stocktwits.com/message/653188232,653188232,2026-06-16T14:20:42.335351
TSEM,patrickseitz,789,Tower Semiconductor Gets Boost From AI Infrastructure Business https://www.investors.com/news/technology/tsem-stock-tower-semiconductor-q1-2026-earnings/ $TSEM,2026-05-13T11:35:33Z,Neutral,0,https://stocktwits.com/message/653186201,653186201,2026-06-16T14:20:42.335354
TSEM,Olivia_Strickland,656,"$TSEM gapping 13% to 249 on a $28B cap and the tape has done all of 187k shares, which is 0.09x avg vol, so the entire move is six analysts and a Bloomberg terminal reacting to the $1.3B photonics contract for 2027. Real headline, real earnings beat, completely fake volume until the bell. up 104% YTD coming in, so anyone chasing this at premarket prices is paying the &quot;I read the press release first&quot; tax. who&#39;s actually going to print size into this at the open versus waiting for the RTH crowd to set the real range?

live premarket tape: https://tapeboard.com/chart/TSEM?utm_source=stocktwits&amp;utm_medium=post&amp;utm_campaign=olivia&amp;utm_content=tsem-pm-up-tape",2026-05-13T11:32:12Z,Neutral,0,https://stocktwits.com/message/653185891,653185891,2026-06-16T14:20:42.335357
TSEM,Bossmanq12345,6,"$LWLG $TSEM Tower Semiconductor reports Q1 adjusted EPS 65c, consensus 56c 
 
Reports Q1 revenue $413.63M, consensus $410.98M. Russell Ellwanger, CEO of Tower Semiconductor, said: &amp;quot;We delivered a strong start to 2026, with broad-based year-over-year revenue growth across our key technology platforms and continued execution with strong advancement of our strategic priorities. Our second quarter guidance positions us with the highest quarterly revenue in Tower&amp;#39;s history, with expected sequential quarter-over-quarter growth throughout the remainder of the year. This demonstrates strong customer demand, expanding content opportunities and the increasing contribution of our leading and differentiated technology portfolio, particularly in silicon photonics for AI infrastructure.&amp;quot;
From TSEM Earnings Call just now",2026-05-13T11:30:24Z,Neutral,0,https://stocktwits.com/message/653185708,653185708,2026-06-16T14:20:42.335360
TSEM,DonCorleone77,72943,"$TSEM Tower Semiconductor sees Q2 revenue $455M, consensus $436.38M 
 
The company said, &quot;The company guides revenue for the second quarter of 2026 to be $455 million, a company record, with an upward or downward range of 5%, reflecting revenue increase of 22% year-over-year and 10% quarter-over-quarter. Company targets sequential quarter-over-quarter revenue and margin growth throughout 2026.&quot;",2026-05-13T11:22:29Z,Neutral,0,https://stocktwits.com/message/653184948,653184948,2026-06-16T14:20:42.335364
TSEM,DonCorleone77,72943,"$TSEM Tower Semiconductor reports Q1 adjusted EPS 65c, consensus 56c 
 
Reports Q1 revenue $413.63M, consensus $410.98M. Russell Ellwanger, CEO of Tower Semiconductor, said: &quot;We delivered a strong start to 2026, with broad-based year-over-year revenue growth across our key technology platforms and continued execution with strong advancement of our strategic priorities. Our second quarter guidance positions us with the highest quarterly revenue in Tower&#39;s history, with expected sequential quarter-over-quarter growth throughout the remainder of the year. This demonstrates strong customer demand, expanding content opportunities and the increasing contribution of our leading and differentiated technology portfolio, particularly in silicon photonics for AI infrastructure.&quot;",2026-05-13T11:21:44Z,Neutral,0,https://stocktwits.com/message/653184872,653184872,2026-06-16T14:20:42.335367
TSEM,LukeJSkywalker,254,$TSEM Hallelujah,2026-05-13T11:20:59Z,Bullish,0,https://stocktwits.com/message/653184808,653184808,2026-06-16T14:20:42.335371
TSEM,StocktwitsEarnings,118995,"$TSEM Q1 &#39;26 Earnings Results &amp; Recap

• Reported GAAP EPS of $0.58 up 61.11% YoY
• Reported revenue of $413.63M up 15.48% YoY
• Tower Semiconductor guides for second quarter 2026 revenue of $455 million, a company record, reflecting 22% year-over-year and 10% quarter-over-quarter increases. The company targets sequential quarter-over-quarter revenue and margin growth throughout 2026.",2026-05-13T11:08:08Z,Neutral,0,https://stocktwits.com/message/653183717,653183717,2026-06-16T14:20:42.335374
TSEM,AIIAAIIA_88,106,"$TSEM 

TSEM may finally kill the semi rally! 

Or not. 

JMO",2026-05-13T10:15:48Z,Bearish,0,https://stocktwits.com/message/653181050,653181050,2026-06-16T14:20:42.335377
TSEM,theoptionsplug,3492,"THINGS TO WATCH, WEDNESDAY, 5/13/26 👁️ 
$BABA $CSCO $DOCS $TSEM $SPY",2026-05-13T03:07:18Z,Neutral,0,https://stocktwits.com/message/653170330,653170330,2026-06-16T14:20:42.335380
TSEM,BiotechGoldenEra,152,$TSEM why buy puts,2026-05-13T01:21:38Z,Neutral,0,https://stocktwits.com/message/653164857,653164857,2026-06-16T14:20:42.335382
TSEM,Hedgeblack,5,$TSEM The question is can a overbought stock still move up?A reversal or drop is coming then.,2026-05-13T00:51:13Z,Bearish,0,https://stocktwits.com/message/653163077,653163077,2026-06-16T14:20:42.335385
TSEM,ApeNurse,92,"$QCLS  is this for reals lol, green 🤷‍♂️🤑🚀. Photonics play $NOK  $LWLG $TSEM LFG🤑🤑🤑🤑🤑🤑🤑🚀🚀🚀🚀",2026-05-12T22:38:21Z,Bullish,0,https://stocktwits.com/message/653153711,653153711,2026-06-16T14:20:42.335389
TSEM,Hedgeblack,5,$TSEM They changed the date to the 13th looking bearish.,2026-05-12T21:04:46Z,Bearish,0,https://stocktwits.com/message/653144857,653144857,2026-06-16T14:20:42.335391
TSEM,cubie,10577,"@EBE_day @Jeremymartin007 @simon58 @judgeyoung2 @jenbunn @ribbey @TraderRapp @Godreal1 @tonyctl @zuby34 

$TSEM 😅",2026-05-12T20:04:42Z,Neutral,0,https://stocktwits.com/message/653136313,653136313,2026-06-16T14:20:42.335394
TSEM,cubie,10577,@TheBoyTrav ooh want play $TSEM so bad bc whales but.options so expensive 😅,2026-05-12T20:04:15Z,Neutral,0,https://stocktwits.com/message/653136219,653136219,2026-06-16T14:20:42.335398
TSEM,Stocktwits,920198,$BABA $DT $ICL $NBIS $TSEM a big earnings slate tomorrow morning,2026-05-12T19:57:14Z,Neutral,1,https://stocktwits.com/message/653134944,653134944,2026-06-16T14:20:42.335401
TSEM,cubie,10577,$TSEM yes cubie very interesting 😅,2026-05-12T19:43:33Z,Neutral,1,https://stocktwits.com/message/653132571,653132571,2026-06-16T14:20:42.335404
TSEM,cubie,10577,"@Jeremymartin007 @simon58 @judgeyoung2 @jenbunn @EBE_day @ribbey @TraderRapp @Godreal1 @tonyctl @zuby34 

$TSEM interesting",2026-05-12T19:43:22Z,Neutral,0,https://stocktwits.com/message/653132540,653132540,2026-06-16T14:20:42.335407
TSEM,cubie,10577,"Earnings After Bell so Place ur Bet:

$OKLO $60-$62s or 88s-$90 &quot; for  quantum meme 🤭

Earnings Before Bell so Place ur Bets:

$NBIS 150 or 210 ($220)
$BABA (120) $125 or 145 (150)
$TSEM 180-190 or 250-260
$WIX (60) 62s or 90",2026-05-12T19:42:31Z,Neutral,0,https://stocktwits.com/message/653132409,653132409,2026-06-16T14:20:42.335410
TSEM,eWhispers,223888,"#earnings before the open on Wednesday, May 12, 2026  
 
https://www.earningswhispers.com/calendar  
 
$NBIS $BABA $TSEM $DT $ICL",2026-05-12T15:50:34Z,Neutral,9,https://stocktwits.com/message/653094561,653094561,2026-06-16T14:20:42.335413
TSEM,ure300,319,$TSEM a yo-yo if i have ever seen one,2026-05-09T02:33:55Z,Neutral,0,https://stocktwits.com/message/652827341,652827341,2026-06-16T14:20:42.335416
TSEM,ChipDistribution7,718,"$ALMU went vertical because the market suddenly realized the photonics tech might actually be legit for future CPO/silicon photonics tied to $NVDA and $AVGO. 
Then reality kicked in. 
Tiny revenue base, commercialization still years away, and the CEO selling into the rally killed momentum fast. 
I still think the technology matters. The question is whether $TSEM can turn this into a scalable manufacturing story instead of another “cool lab demo” stock. 
 
 
Follow me    👉@ChipDistribution7 for real-time updates and everything. Let’s make moves!",2026-05-08T13:26:41Z,Neutral,0,https://stocktwits.com/message/652718181,652718181,2026-06-16T14:20:42.335419
TSEM,ure300,319,$TSEM just fall back to 100 at once,2026-05-07T22:22:25Z,Neutral,0,https://stocktwits.com/message/652673310,652673310,2026-06-16T14:20:42.335422
TSEM,LongShlong33,164,$TSEM earnings are right around the corner,2026-05-07T18:01:04Z,Bullish,0,https://stocktwits.com/message/652630967,652630967,2026-06-16T14:20:42.335427
TSEM,ure300,319,$TSEM only semi going lower,2026-05-07T11:20:30Z,Neutral,0,https://stocktwits.com/message/652559660,652559660,2026-06-16T14:20:43.832954
TSEM,ure300,319,$TSEM too risky i&#39;m out,2026-05-06T18:54:21Z,Neutral,0,https://stocktwits.com/message/652493349,652493349,2026-06-16T14:20:43.832976
TSEM,CapitalMonk,121,"$TSEM
Price: $218.56 (-3.09%)
Trend: Bullish
Market Bias (7D): Bullish Bias 📈
Expected Range: ±3.03%
RSI: 51.9 | Momentum: Moderate
Volume: -49.6% vs avg
Volatility: 3.79%
Support: $184.14 | Resistance: $232.67

Tools used: https://www.trade-ideas.com
Code: INTERSTOCK25",2026-05-06T16:20:06Z,Neutral,0,https://stocktwits.com/message/652466425,652466425,2026-06-16T14:20:43.832981
TSEM,sharetp02,74,$TSEM - Buying. Been hearing great things.,2026-05-05T18:58:08Z,Bullish,0,https://stocktwits.com/message/652339952,652339952,2026-06-16T14:20:43.832987
TSEM,WAJeff,773,"$TSEM $228.99 52 week high, er 5/13",2026-05-05T17:58:37Z,Neutral,0,https://stocktwits.com/message/652330646,652330646,2026-06-16T14:20:43.832990
TSEM,JoeB07,223,"Ai Trade Update May 05:  
 
Last and final update! Thanks to everyone!  
 
Ai Winners. BUY these. These names support data center buildout and are printing $$ for shareholders: NBIS CRDO MRVL MU GEV PLAB EWY IESC STRL AGX ENS AEHR SIMO JBL TTMI $MYRG $TSEM $PWR $PRIM $MOD LRCX AEIS TSM AIS ASML VRT FIX ACMR ASX GLW BE LITE AAOI IPGP ON GFS CAMT AMKR RMBS TER COHR MKSI SNDK VIAV KEYS NVDA SKYT-(IONQ) ALAB CIEN FEIM SEI STX WDC NVTS CRWV APLD GOOG TSSI AXTI LWLG POET ONTO NVMI ENTG Q DRAM PSI SOXX SOXL NXPI ACLS MXL CEG ACMR VST VECO COHU UCTT KLIC ASYS Ai Losers.  
 
Protect with PUTS or SELL. Ai is destroying value in these names: FIG GTLB NCNO IHAK BUG SNOW IBM ACN IGV CIBR HACK TYL NTSK CSGP GWRE PD SAIL MDB FDS RELX VRSK DOCU VEEV U PATH ZETA WDAY PTRN S FTNT PEGA SAP PANW INTU TRI AKAM FROG BRZE DDOG ZS CRWD NET OKTA CRM SNOW ADBE MNDY DUOL TEAM NOW AI ASAN IOT MSFT BILL HUBS HCAT PCOR CHWY PINS ETSY VERX APPN AMPL FICO INTU ADP PAYX PAYC ROP PCTY TYL DT ESTC MANH NOWL CRMG UPLD DOMO CHKP",2026-05-05T17:33:58Z,Bullish,0,https://stocktwits.com/message/652326824,652326824,2026-06-16T14:20:43.832993
TSEM,ure300,319,$TSEM not boring today,2026-05-04T13:52:40Z,Neutral,0,https://stocktwits.com/message/652172913,652172913,2026-06-16T14:20:43.832996
TSEM,ahab,98,"$ATOM  create a basket of like stocks rate lowest PE sign numerical rank,.  rate highest ROA assign numerical rank.  2/1/24 $TSEM  lowest PE= rank #1 +Highest ROA rank #4 1+4 =5",2026-05-04T13:17:52Z,Neutral,0,https://stocktwits.com/message/652166841,652166841,2026-06-16T14:20:43.832999
TSEM,Honeystocks,5104,"THE MAY OUTLOOK FOR US MARKETS. 
   
What are the charts signalling going into May? I&#39;ve also prepped 20 top trade ideas for your monthly watchlists. 
       
$TSEM $TGT $IRDM $MSTR and is $OPEN setting up again for a move post earnings?  
https://www.honeystocks.com/analysis",2026-05-03T20:47:52Z,Neutral,0,https://stocktwits.com/message/652130253,652130253,2026-06-16T14:20:43.833003
TSEM,Honeystocks,5104,"STILL MASSIVE UPSIDE FOR THE MARKET? 
   
What are the charts signalling going into May and which stocks are setting up for a big move? 
 
$TSEM $TGT $IRDM $MSTR and is $OPEN setting up again for a move post earnings? 
 
All fully assessed plus another 20 top stocks for your May watchlists. 👇    
https://www.honeystocks.com/analysis",2026-05-02T11:13:56Z,Neutral,0,https://stocktwits.com/message/652088645,652088645,2026-06-16T14:20:43.833006
TSEM,HericuleParrot,121,$TSEM so boring,2026-05-01T14:55:43Z,Neutral,0,https://stocktwits.com/message/652014090,652014090,2026-06-16T14:20:43.833009
TSEM,thinkandpick,431,"$SYNX  $PERI $GILT $CHKP $TSEM    Israeli stocks. 
 
Yesterday&#39;s results prove that I was spot on with $SYNX while also proving that Israeli Silynxcom (SYNX) at $1.30 per share is dirt-cheap. 
 
Specifically, revenue in FY 2025 were lower than its record revenue of $9.1 million in 2024. However, this belongs to the past and only the myopic investors will focus on it.  
 
What really matters is that $SYNX entered 2026 with ZERO debt and almost $3 million in cash. 
 
Additionally, its backlog currently exceeds $7 million (!!!!!), although we are at the very beginning of 2026 and more orders in the next months are a sure thing.  
 
Therefore, SYNX&#39;s revenue in 2026 will certainly exceed $10 million, which is in line with my forecasts. 
 
Thanks also to its high gross profit margin, $SYNX will be PROFITABLE in 2026: https://www.globenewswire.com/news-release/2026/04/30/3285591/0/en/silynxcom-announces-full-year-2025-financial-results-strong-balance-sheet-maintained-and-strong-start-to-2026-demonstrating-significant-momentum.html",2026-05-01T09:53:32Z,Bullish,0,https://stocktwits.com/message/651978275,651978275,2026-06-16T14:20:43.833012
TSEM,codename41,354,$TSEM loaded @ $210,2026-04-30T19:22:28Z,Bullish,0,https://stocktwits.com/message/651929035,651929035,2026-06-16T14:20:43.833015
TSEM,EBE_day,116,@ribbey @cubie @Jeremymartin007 @simon58 @judgeyoung2 @jenbunn @TraderRapp @Godreal1 @tonyctl @zuby34 $TSEM 80 rsi,2026-04-30T19:07:39Z,Neutral,0,https://stocktwits.com/message/651926865,651926865,2026-06-16T14:20:43.833018
TSEM,cfromhertz,7283,"$TSEM 

real nice check back to top of Apr Value Area , hold and big bounce 

(unfort. don&#39;t own this one)",2026-04-30T18:40:02Z,Neutral,0,https://stocktwits.com/message/651922715,651922715,2026-06-16T14:20:43.833021
TSEM,EBE_day,116,@jenbunn @cubie @zuby34 @Jeremymartin007 @judgeyoung2 @ribbey @TraderRapp @Godreal1 @tonyctl @alvi722 damn $TSEM,2026-04-30T17:19:40Z,Neutral,0,https://stocktwits.com/message/651910648,651910648,2026-06-16T14:20:43.833024
TSEM,Dr_Stoxx,126421,"$TSEM: we bought shares this morning in the Live Trading Room.  I tried to get us into TSEM calls in the Options Room yesterday but they were not liquid enough.  TSEM is one of those strange stocks that show not so great fundies, and analysts support not there, but when you run AI analysis, and look at the chart, everything is bullish.  Some kind of weird disconnect there.  (PS: I use Tipranks for the AI analysis).  Chart shows a strong uptrend, pullback, breakout, and confirmation today with supportive cycles and Stochastics and fresh MACD pinch.",2026-04-30T14:32:49Z,Neutral,0,https://stocktwits.com/message/651883333,651883333,2026-06-16T14:20:43.833027
TSEM,JoeB07,223,$SIMO $JBL $TTMI $MYRG $TSEM SIMO added on 26FEB. Babamb!$!$!$! #AiWinning,2026-04-30T02:57:19Z,Bullish,1,https://stocktwits.com/message/651843281,651843281,2026-06-16T14:20:43.833031
TSEM,Dr_Stoxx,126421,"$FLY sorry, posted wrong chart below.  $TSEM is also good but here is the $FLY chart.  Rounded bottom breakout with re-test.",2026-04-29T19:41:56Z,Neutral,1,https://stocktwits.com/message/651804326,651804326,2026-06-16T14:20:43.833034
TSEM,zoey1970,346,"$UMC I owned $TSM in the $20s, $TSEM in the 20s, $NVDA around $28 and $AMD in the single digits. I only wish i continued to hold some of them longer but that comes with experience. I wont make that mistake with umc as it could rise significantly from here as time goes on",2026-04-29T09:59:02Z,Bullish,0,https://stocktwits.com/message/651714457,651714457,2026-06-16T14:20:43.833037
TSEM,MorganHoratio,1431,"This has gotta be the dumbest selloff reason… someone could have provided? 
 
I am 99% sure names like  
$AAOI 
 or  
$TSEM 
 couldn’t care less about one internal leak of OpenAI’s high flying goals. 
 
But algorithms go reeee when they see mainstream media narratives like this. 
 
Perfect example on why nobody trusts them anymore for fully accurate reporting. 
 
That being said, corrections are always healthy to make higher highs. 
 
Spot on! This algorithmic &quot;knee-jerk&quot; reaction to OpenAI leaks is a gift for rational traders. The fundamentals for $AAOI and $TSEM—driven by 800G demand and specialty foundry needs—remain untouched by this noise. 
 
These narrative-driven corrections are healthy &quot;washouts.&quot; They clear the weak hands before the next leg up. Do you think the Algos are just creating a &quot;bear trap&quot; here? Are you adding to $AAOI on this irrational dip, or staying on the sidelines? Let’s hear your strategy below! 📉",2026-04-28T17:57:25Z,Neutral,0,https://stocktwits.com/message/651651862,651651862,2026-06-16T14:20:43.833040
TSEM,MarketBull93,46,$TSEM Sold some to add another$COHR Jan 15&#39; 27 $440 Call.,2026-04-28T14:13:03Z,Bullish,0,https://stocktwits.com/message/651619510,651619510,2026-06-16T14:20:43.833043
TSEM,blueedge,70,"$ATOM 
It is highly likely that Atomera&#39;s foundry license customer is Tower Semiconductor (TSEM). $TSEM 

While Scott hasn&#39;t mentioned this foundry customer frequently, he did state the following when the license agreement was first signed: &quot;Over the past year, this foundry has used our MSTcad modeling software to discover new possibilities for MST, which could enhance their specialty processes. We will focus on collaborating with the customer&#39;s various business units and application areas to integrate MST into their devices and ultimately move them into the production phase.&quot;

Furthermore, looking at the 10-K, license fees were generated in North America. 

This can be interpreted as a specialty foundry located in the North American region. While GlobalFoundries (GF) and TSEM both fit this description, GF is presumed to be the JDA2 customer, leading to the conclusion that this is TSEM.",2026-04-28T09:19:13Z,Bullish,0,https://stocktwits.com/message/651589884,651589884,2026-06-16T14:20:43.833046
TSEM,MorganHoratio,1431,"THE 7 LAYERS OF PHOTONICS 
 
4. Foundries (manufacturing layer) 
 
$TSM, $TSEM, $GFS, $UMC, $INTC 
 
2026 marks the &quot;Genesis Year&quot; for silicon photonics mass production! $TSM has officially moved its COUPE platform into volume manufacturing this month, signaling the dawn of the CPO era. Meanwhile, $INTC is using its integrated laser advantage to reclaim its foundry throne. 
 
Keep an eye on $GFS (GlobalFoundries)—they just confirmed a path toward a $1B photonics revenue run rate, with their PDKs now optimized for 1.6T optics. The foundry moat has shifted from &quot;nanometers&quot; to &quot;optical integration.&quot; Do you think $GFS’s specialty-node strategy can outpace $TSM’s dominance in this specific niche? Let’s hear it!",2026-04-27T22:07:21Z,Neutral,0,https://stocktwits.com/message/651565922,651565922,2026-06-16T14:20:43.833052
TSEM,JB99999,17,$TSEM great set up!!!,2026-04-27T14:26:03Z,Neutral,0,https://stocktwits.com/message/651507816,651507816,2026-06-16T14:20:43.833055
TSEM,JoeB07,223,"Ai Trade Update APR 27 
 
Let the winning continue!! Breakout time!! 
 
Ai Winners. BUY these. These names support data center buildout and are printing $$ for shareholders: NBIS CRDO MRVL MU GEV PLAB EWY IESC STRL AGX ENS AEHR SIMO JBL TTMI $MYRG $TSEM $PWR $PRIM $MOD LRCX AEIS TSM AIS ASML VRT FIX ACMR ASX GLW BE LITE AAOI IPGP ON GFS CAMT AMKR RMBS TER COHR MKSI SNDK VIAV KEYS NVDA SKYT-(IONQ) ALAB CIEN FEIM SEI STX WDC NVTS CRWV APLD GOOG TSSI AXTI LWLG POET ONTO NVMI ENTG Q DRAM PSI SOXX SOXL NXPI ACLS MXL CEG ACMR VST VECO COHU UCTT KLIC ASYS 
 
Ai Losers. Protect with PUTS or SELL. Ai is destroying value in these names: FIG GTLB NCNO IHAK BUG SNOW IBM ACN IGV CIBR HACK TYL NTSK CSGP GWRE PD SAIL MDB FDS RELX VRSK DOCU VEEV U PATH ZETA WDAY PTRN S FTNT PEGA SAP PANW INTU TRI AKAM FROG BRZE DDOG ZS CRWD NET OKTA CRM SNOW ADBE MNDY DUOL TEAM NOW AI ASAN IOT MSFT BILL HUBS HCAT PCOR CHWY PINS ETSY VERX APPN AMPL FICO INTU ADP PAYX PAYC ROP PCTY TYL DT ESTC MANH NOWL CRMG UPLD DOMO CHKP",2026-04-27T13:12:15Z,Bullish,0,https://stocktwits.com/message/651493668,651493668,2026-06-16T14:20:43.833058
TSEM,OpenOutcrier,211285,"$TSEM (+3.0% pre) Tower Semiconductor produces radar chips for Axiro in US facility 
 
https://ooc.bz/l/100044",2026-04-27T12:16:18Z,Neutral,0,https://stocktwits.com/message/651488050,651488050,2026-06-16T14:20:43.833061
TSEM,BodeBookSmarts,22,"$TSM We hit the big 400!
Buy the $TSEM &amp; $LWLG  dip !!!",2026-04-24T15:28:51Z,Neutral,0,https://stocktwits.com/message/651298526,651298526,2026-06-16T14:20:43.833064
TSEM,JoeB07,223,"Ai Trade Update April 23  
 
Winners keep winning$!   Losers… well, you know… 
 
List of Ai Winners. BUY these. Many of these names support data center buildout which will continue for the next decade. These Ai names are printing $$$$: NBIS CRDO MRVL MU GEV PLAB EWY IESC STRL AGX ENS AEHR SIMO JBL TTMI $MYRG $TSEM $PWR $PRIM $MOD LRCX AEIS TSM AIS ASML VRT FIX ACMR ASX GLW BE LITE AAOI IPGP ON GFS CAMT AMKR RMBS TER COHR MKSI SNDK VIAV KEYS NVDA SKYT-(IONQ) ALAB CIEN FEIM SEI STX WDC NVTS CRWV APLD GOOG TSSI AXTI LWLG POET ONTO NVMI ENTG Q 
 
List of Ai Losers. Protect with PUTS or SELL. Ai is decimating value in these names: FIG GTLB NCNO IHAK BUG SNOW IBM ACN IGV CIBR HACK TYL NTSK CSGP GWRE PD SAIL MDB FDS RELX VRSK DOCU VEEV U PATH ZETA WDAY PTRN S FTNT PEGA SAP PANW INTU TRI AKAM FROG BRZE DDOG ZS CRWD NET OKTA CRM SNOW ADBE MNDY DUOL TEAM NOW AI ASAN IOT MSFT BILL HUBS HCAT PCOR CHWY PINS ETSY VERX APPN AMPL FICO INTU ADP PAYX PAYC ROP PCTY TYL DT ESTC ANH",2026-04-23T19:02:57Z,Bullish,0,https://stocktwits.com/message/651199791,651199791,2026-06-16T14:20:43.833068
TSEM,BHTCapital,5,"&quot;all ostael stocks are scam&quot;. 🥱🥱🥱 

$ESLT $CYBR $TSEM

All comments like this, are from people with no brain. That&#39;s fact.",2026-04-23T04:03:04Z,Neutral,1,https://stocktwits.com/message/651105805,651105805,2026-06-16T14:20:43.833071
TSEM,MarketBull93,46,$TPC Sold some to add $TSEM,2026-04-22T16:17:14Z,Bullish,0,https://stocktwits.com/message/651028551,651028551,2026-06-16T14:20:45.902162
TSEM,MarketBull93,46,$TSEM Added some,2026-04-22T16:10:57Z,Bullish,0,https://stocktwits.com/message/651027588,651027588,2026-06-16T14:20:45.902184
TSEM,SwingPlayers,12175,3 stocks getting creamed today $MTSI  $TSEM and $AAOI,2026-04-22T15:09:36Z,Neutral,0,https://stocktwits.com/message/651017111,651017111,2026-06-16T14:20:45.902189
TSEM,knash,1565,$TSEM why is this getting whacked?,2026-04-22T15:06:03Z,Neutral,0,https://stocktwits.com/message/651016456,651016456,2026-06-16T14:20:45.902193
TSEM,Estimize,102674,"Wall St is expecting 0.56 EPS for $TSEM Q1 [Reporting 05/13 BMO]
http://www.estimize.com/intro/tsem?chart=historical&amp;metric_name=eps&amp;utm_co",2026-04-22T13:00:54Z,Neutral,0,https://stocktwits.com/message/650992218,650992218,2026-06-16T14:20:45.902196
TSEM,GemmaSaul,11,"$LWLG is still a pre-revenue, narrative-driven name with a clear valuation vs stage mismatch. 
 
The $TSEM link adds some validation, but commercialization is still early. 
 
These setups can run on story momentum but are vulnerable to sharp repricing once expectations peak. The key is how long the premium holds.",2026-04-21T20:00:20Z,Neutral,0,https://stocktwits.com/message/650938799,650938799,2026-06-16T14:20:45.902199
TSEM,Babybulltrader,87,"$LWLG  $TSEM ❤️
https://photoncap.net/p/the-polymer-that-tower-chose-lwlg",2026-04-21T07:57:53Z,Neutral,0,https://stocktwits.com/message/650855452,650855452,2026-06-16T14:20:45.902202
TSEM,AlexanderSterling,13,"@BloomBoom same here. I also have sizeable positions in $SLOIF and $TSEM and a few other names because of Serenity, all of which are up huge this year. It’s crazy how much his picks have pumped my portfolio",2026-04-21T06:05:24Z,Bullish,0,https://stocktwits.com/message/650853774,650853774,2026-06-16T14:20:45.902206
TSEM,mrpocket,618,$GFS $MCHP $MPWR $TSEM $TXN,2026-04-20T18:30:49Z,Neutral,1,https://stocktwits.com/message/650807705,650807705,2026-06-16T14:20:45.902209
TSEM,Ro_Patel,44864,"UMC sends letter to clients announcing the upcoming price adjustment, citing the evolving supply-demand environment &amp; continued investments needed to support customer growth - pricing adjustment will be based on factors including UMC’s product mix strategy, capacity agreements and long-term partnership - expects the ongoing structural evolution of the global semiconductor landscape to persist 
 
Morgan Stanley: Pricing power reflects AI’s ripple impact on the semiconductor industry, with AI-related demand for server PMIC, networking, storage controllers and general computing absorbing smartphone and PC weakness at mature nodes. Overall PMIC capacity remains tight at mature fabs including Vanguard, Powerchip, SMIC &amp; Hua Hong 
 
Assumes +5% to +10% price increase in 2H26 &amp; another +5% to +10% hike in FY27, compared to a prior assumption of no price increases. Small PMIC &amp; MCU products will likely see price increases, while driver IC pricing should remain largely unchanged 
 
$GFS $TSEM $TXN $MPWR $MCHP",2026-04-20T18:26:03Z,Neutral,0,https://stocktwits.com/message/650807102,650807102,2026-06-16T14:20:45.902212
TSEM,LewisDaKat,255,"$TSEM Tower Semiconductor Announces First Quarter 2026 Financial Results and Conference Call 
 
https://marketwirenews.com/stock/tsem/news/tower-semiconductor-announces-first-quarter-2026-fin-6487090417266428.html?utm_source=stocktwits",2026-04-20T10:30:32Z,Neutral,0,https://stocktwits.com/message/650750709,650750709,2026-06-16T14:20:45.902215
TSEM,Rookie5050,12,$TSEM,2026-04-19T22:04:17Z,Neutral,0,https://stocktwits.com/message/650728088,650728088,2026-06-16T14:20:45.902218
TSEM,Rookie5050,12,$TSEM wow the Jewish are such a peaceful group,2026-04-19T18:24:25Z,Neutral,0,https://stocktwits.com/message/650719782,650719782,2026-06-16T14:20:45.902221
TSEM,patrickseitz,789,Satellite Boom Launches STMicroelectronics Stock Into Orbit https://www.investors.com/news/technology/stm-stock-satellite-boom-benefits-stmicroelectronics/ $STM $MTSI $TSEM $ADI,2026-04-17T17:56:14Z,Neutral,0,https://stocktwits.com/message/650628962,650628962,2026-06-16T14:20:45.902224
TSEM,WAJeff,773,$TSEM $227.23 52 week high,2026-04-17T17:06:29Z,Neutral,0,https://stocktwits.com/message/650620773,650620773,2026-06-16T14:20:45.902227
TSEM,JoeB07,223,"Ai Trade Update April 17, 2026.  
 
Winners keep winning, Losers catch a bounce. 
 
Current list of Ai Winners. Many of these names support data center buildout which will continue for the next decade. We’re still at the ground floor of this movement. These names are printing $$$$ for investors: NBIS CRDO MRVL MU GEV PLAB EWY IESC STRL AGX ENS AEHR SIMO JBL TTMI $MYRG $TSEM $PWR $PRIM $MOD LRCX AEIS TSM AIS ASML VRT FIX ACMR ASX GLW BE LITE AAOI IPGP ON GFS CAMT AMKR RMBS TER COHR MKSI SNDK VIAV KEYS NVDA SKYT-(IONQ) ALAB CIEN FEIM SEI STX WDC NVTS CRWV APLD GOOG TSSI AXTI LWLG POET 
 
Current list of Ai Losers. Protect with PUTS. Ai is decimating value in these names: FIG GTLB NCNO IHAK BUG SNOW IBM ACN IGV CIBR HACK TYL NTSK CSGP GWRE PD SAIL MDB FDS RELX VRSK DOCU VEEV U PATH ZETA WDAY PTRN S FTNT PEGA SAP PANW INTU TRI AKAM FROG BRZE DDOG ZS CRWD NET OKTA CRM SNOW ADBE MNDY DUOL TEAM NOW AI ASAN IOT MSFT BILL HUBS HCAT PCOR CHWY PINS ETSY VERX APPN AMPL  
 
Have a great weekend!",2026-04-17T12:30:25Z,Bullish,0,https://stocktwits.com/message/650568644,650568644,2026-06-16T14:20:45.902231
TSEM,2026TakeBackUSABegins,99,"$DJT $FOXA $PLTR $SPY $TSEM 

And North Korea?

Russia?

All more deadly than Iran has been",2026-04-16T01:48:26Z,Neutral,2,https://stocktwits.com/message/650427196,650427196,2026-06-16T14:20:45.902234
TSEM,DeepRoots42,73,$DJT $PLTR $SPY $FOXA $TSEM,2026-04-16T00:35:07Z,Neutral,0,https://stocktwits.com/message/650423223,650423223,2026-06-16T14:20:45.902236
TSEM,vjtweet,4432,$TSEM Opened a short position at 210.. stop above 215,2026-04-15T17:07:05Z,Bearish,1,https://stocktwits.com/message/650371120,650371120,2026-06-16T14:20:45.902240
TSEM,BodeBookSmarts,22,$TSEM weird,2026-04-15T14:43:50Z,Bullish,0,https://stocktwits.com/message/650346139,650346139,2026-06-16T14:20:45.902243
TSEM,macroaxis,4722,$TSEM – Changes in Put Open Interest Indicate Shifts in Market Sentiment for Tower Semiconductor This Week https://www.macroaxis.com/stock-options/TSEM/Tower-Semiconductor?utm_source=dlvr.it&amp;utm_medium=stocktwits,2026-04-15T03:11:14Z,Neutral,0,https://stocktwits.com/message/650306225,650306225,2026-06-16T14:20:45.902246
TSEM,WAJeff,773,$TSEM $215.16 52 week high,2026-04-14T19:44:34Z,Neutral,0,https://stocktwits.com/message/650273951,650273951,2026-06-16T14:20:45.902251
TSEM,Buffetty,223,"$ALMU $TSEM This was yesterday’s announcement when the price touched $18+ AH yesterday. I bought after the dip at current levels. 20% short interest and market cap too low. Risks are there, but given the Asymmetric upside potential and Tower Semi partnership this stock is an easy long for photonics portfolios. #PAYTIENCE 🍀🍀🍀",2026-04-14T16:04:34Z,Bullish,0,https://stocktwits.com/message/650241838,650241838,2026-06-16T14:20:45.902254
TSEM,Im_Naruto,21,$TSEM $LWLG  Lwlg moves along with Tsem..,2026-04-14T15:56:56Z,Neutral,0,https://stocktwits.com/message/650240573,650240573,2026-06-16T14:20:45.902257
TSEM,Srinivas111,618,"$MU $TSEM $WDC 

TSEM chart looking good. Research article points to 489 target",2026-04-14T15:15:49Z,Neutral,0,https://stocktwits.com/message/650233667,650233667,2026-06-16T14:20:45.902260
TSEM,Buffetty,223,"$ALMU 20% short interest on this ticker, market cap is too low for this space. Asymmetric upside potential here. Of course there are lots of risks. But when there’s asymmetric upside potential I’m willing to take the risk. We’ve made a killing in other optical photonics plays like $LITE $LWLG $TSEM",2026-04-14T14:55:20Z,Bullish,0,https://stocktwits.com/message/650230277,650230277,2026-06-16T14:20:45.902263
TSEM,WSS_,1,"I haven’t traded $TSEM in about a week, but what caught my attention this morning is the massive base it’s built above $200.

After a huge run from $130 to $200, it barely saw any meaningful pullbacks. To me, that’s a clear sign it wants higher.

This is the type of name I’m looking to swing, not day trade, so I can fully capitalize on the next leg.",2026-04-14T14:31:21Z,Neutral,0,https://stocktwits.com/message/650226029,650226029,2026-06-16T14:20:45.902266
TSEM,WSS_,1,"$TSEM 

green on the day now. bought the dip on the reclaim of $200 this morning",2026-04-14T14:30:57Z,Neutral,0,https://stocktwits.com/message/650225961,650225961,2026-06-16T14:20:45.902269
TSEM,WSS_,1,$TSEM about to flip green. Here comes the rippaaa,2026-04-14T14:30:22Z,Neutral,0,https://stocktwits.com/message/650225854,650225854,2026-06-16T14:20:45.902272
TSEM,SelfMafia,557,$QQQ $TSEM ABOUT TO RIP HIGHER TSEM,2026-04-14T14:19:30Z,Bullish,0,https://stocktwits.com/message/650223755,650223755,2026-06-16T14:20:45.902276
